region,work schedule,application receipt schedule,processing and payment schedule,submission method,calls,documents,identification,application processing,consideration time,payment method,payment time,repayment method,average user rating,number of reviews,unreliability,bad credit score,loan extension,loan type,card_id,"loan amount, min","loan amount, max","repayment period, min","repayment period, max","interest, min","interest, max","age, min","age, max","consideration time, min","consideration time, max","payment time, min","payment time, max","time of service, min","time of service, max",processing period q95 (sale),НВК,service period (q50),service period (q90),share on time (sale),in time,refusals,fairness,income mean,Norm. LAR,Norm. average user rating,MFI id
Вся Россия,круглосуточно,круглосуточно,круглосуточно,Онлайн,,паспорт,СМС-код,Автоматически или вручную,"[0, 1200]",карта,"[0, 300]",карта,3.7,20.0,0,Нет,,loan-usual,8173.0,10000,30000,10.0,30.0,1.0,1.0,21.0,,0,1200.0,0,300.0,0,1500.0,80633.7999999999,1,51713.23148148148,55266.73148148149,0.4351851851851852,0,1,2,79.50722577588249,0.13593672481338495,3.828830028608069,MFI 1
Вся Россия,круглосуточно,круглосуточно,круглосуточно,Онлайн,,"паспорт, ИНН, СНИЛС,","фото, телефон, скан документов, email",Автоматически,900,"карта счет, Яндекс.Деньги, qiwi",0,"карта счет, Яндекс.Деньги, qiwi",3.9,28.0,0,Нет,Есть,loan-long,8346.0,30000,300000,30.0,1095.0,0.2,1.0,18.0,,900,900.0,0,0.0,900,900.0,735.0,1,1066.5,6830.199999999989,1.0,1,0,2,136.46055437100213,0.13688618678726142,3.8290553199881665,MFI 2
Вся Россия,Круглосуточно,Круглосуточно,Круглосуточно,Онлайн,Заемщику,Паспорт,шестизначный код (пароль) и фото с ним,Вручную,"[0, 1200]",карта,0,"счет, карта, Contact, Qiwi",4.1,307.0,0,Да,Есть,loan-long,1093.0,500,30000,31.0,60.0,0.8,1.0,18.0,80.0,0,1200.0,0,0.0,0,1200.0,345446.8999999999,1,67132.51851851853,248674.20000000004,0.5555555555555556,1,0,2,88.73521282476507,0.13719839683988033,3.8330042313117065,MFI 5
Вся Россия,Круглосуточно,Круглосуточно,Круглосуточно,Онлайн,Заемщику,Паспорт,шестизначный код (пароль) и фото с ним,Вручную,"[0, 1200]",карта,0,"счет, карта, Contact, Qiwi",4.1,307.0,0,Да,Есть,loan-usual,25.0,500,30000,1.0,30.0,0.8,1.0,18.0,80.0,0,1200.0,0,0.0,0,1200.0,32419.450000000088,1,9245.770588235295,25660.27058823533,0.8558823529411764,1,0,2,75.75225134830052,0.13814834158856243,3.8330042313117065,MFI 5
Вся Россия,круглосуточно,круглосуточно,круглосуточно,Онлайн,,"паспорт, СНИЛС",СМС-код,Вручную,1800,карта,0,"карта, счет",4.0,37.0,0,Да,Есть,loan-usual,8266.0,2000,30000,7.0,30.0,1.0,1.0,18.0,75.0,1800,1800.0,0,0.0,1800,1800.0,483181.64999999467,1,132398.2746031746,209663.47460317533,0.8285714285714286,1,0,2,99.49741090466037,0.13736093333258148,3.8292691340988614,MFI 6
Вся Россия,круглосуточно,круглосуточно,круглосуточно,Онлайн,,"паспорт, СНИЛС",СМС-код,Вручную,1800,карта,0,"карта, счет",4.0,37.0,0,Да,Есть,loan-first,8267.0,2000,30000,7.0,30.0,0.0,1.0,18.0,75.0,1800,1800.0,0,0.0,1800,1800.0,146911.6499999994,0,36300.44642857143,36830.646428571425,0.8482142857142857,1,0,3,93.75951873286627,0.1374939447763604,3.8292691340988614,MFI 6
Вся Россия,Круглосуточно,Круглосуточно,С 6:00 до 00:00 (МСК),Онлайн,Заемщику,Паспорт РФ,фото с паспортом и картой,Автоматически,300,"Карта, счет, QIWI",0,"Карта, счет, QIWI, Связной",4.3,29.0,0,Да,Есть,loan-long,8109.0,30000,500000,31.0,365.0,0.5,1.0,18.0,65.0,300,300.0,0,0.0,300,300.0,223201.5,1,42690.454545454544,109218.45454545454,0.2727272727272727,0,0,1,27.524714091878273,0.13712816958354992,3.829630725237884,MFI 8
Вся Россия,Круглосуточно,Круглосуточно,С 6:00 до 00:00 (МСК),Онлайн,Заемщику,Паспорт РФ,фото с паспортом и картой,Автоматически,300,"Карта, счет, QIWI",0,"Карта, счет, QIWI, Связной",4.3,29.0,0,Да,Есть,loan-usual,1013.0,1000,30000,5.0,30.0,0.5,1.0,18.0,65.0,300,300.0,0,0.0,300,300.0,87748.4,1,168085.65333333332,172018.05333333332,0.4266666666666667,0,0,1,18.990760483297798,0.13665797903486918,3.829630725237884,MFI 8
Вся Россия,Круглосуточно,Круглосуточно,Круглосуточно,Онлайн,Нет,Паспорт,смс-код,Вручную,"[360, inf]","Карта, счет","[1800, inf]","Карта, Qiwi, Почта России, Золотая Корона",2.7,154.0,1,Да,Есть,loan-first,1919.0,1000,30000,7.0,7.0,0.0,1.0,18.0,,360,inf,1800,inf,2160,inf,57180.999999999825,1,13219.433333333332,22347.18000000001,0.8666666666666667,1,0,1,150.10660980810235,0.13716157280914065,3.820438063504508,MFI 11
Вся Россия,Круглосуточно,Круглосуточно,Круглосуточно,Онлайн,Нет,Паспорт,смс-код,Вручную,"[360, inf]","Карта, счет","[1800, inf]","Карта, Qiwi, Почта России, Золотая Корона",2.7,154.0,1,Да,Есть,loan-usual,1370.0,1000,30000,7.0,30.0,1.0,1.0,18.0,,360,inf,1800,inf,2160,inf,20578.19999999975,1,17465.62626262626,28741.82626262633,0.9040404040404041,1,0,1,153.40828325902953,0.13688082421385628,3.820438063504508,MFI 11
Вся Россия,ежедневно с 8:00 до 22:00,круглосуточно,круглосуточно,Онлайн,Нет,паспорт,СМС-код,Автоматически,"[0, 86400]","Карта, счет",180,"Карта, счет",4.8,12.0,0,Да,Есть,loan-long,9017.0,15000,50000,42.0,140.0,1.0,1.0,18.0,,0,86400.0,180,180.0,180,86580.0,,0,62495.1396123051,62495.1396123051,0.0,0,0,2,,0.13711215115271277,3.829532221454653,MFI 12
Вся Россия,ежедневно с 8:00 до 22:00,круглосуточно,круглосуточно,Онлайн,Нет,паспорт,СМС-код,Автоматически,"[0, 86400]","Карта, счет",180,"Карта, счет",4.8,12.0,0,Да,Есть,loan-usual,9016.0,1000,30000,1.0,30.0,1.0,1.0,18.0,,0,86400.0,180,180.0,180,86580.0,9646.799999999997,1,26605.253699788584,36955.25369978858,0.9873150105708245,1,1,3,59.29651050095341,0.1364394836236541,3.829532221454653,MFI 12
Вся Россия,Круглосуточно,Круглосуточно,Круглосуточно,Онлайн и в офисах,"Заемщику, контактным лицам",Паспорт,фото паспорта,Вручную,180,"Наличные, карта, счет",60,"Карта, наличные, Почта России, Элекснет, счет",4.4,217.0,1,Да,Есть,loan-long,1092.0,1000,100000,31.0,180.0,0.5,1.0,18.0,75.0,180,180.0,60,60.0,240,240.0,356068.19999999966,1,74611.93203883494,160050.93203883505,0.5436893203883495,1,0,1,151.63413169933966,0.13733908052600644,3.835010502662303,MFI 14
Вся Россия,Круглосуточно,Круглосуточно,Круглосуточно,Онлайн и в офисах,"Заемщику, контактным лицам",Паспорт,фото паспорта,Вручную,180,"Наличные, карта, счет",60,"Карта, наличные, Почта России, Элекснет, счет",4.4,217.0,1,Да,Есть,loan-first,1024.0,1000,30000,1.0,10.0,0.0,0.0,18.0,75.0,180,180.0,60,60.0,240,240.0,55555.09999999996,0,209219.92592592593,210021.12592592594,0.7037037037037037,1,0,2,180.17689331122168,0.1371746310367924,3.835010502662303,MFI 14
Вся Россия,Круглосуточно,Круглосуточно,Круглосуточно,Онлайн и в офисах,"Заемщику, контактным лицам",Паспорт,фото паспорта,Вручную,180,"Наличные, карта, счет",60,"Карта, наличные, Почта России, Элекснет, счет",4.4,217.0,1,Да,Есть,loan-usual,769.0,1000,30000,1.0,31.0,0.69,1.0,18.0,75.0,180,180.0,60,60.0,240,240.0,255898.49999999988,0,57627.628277153555,58484.628277153555,0.6722846441947565,1,0,2,156.9709401547639,0.1390388723486569,3.835010502662303,MFI 14
"Симферополь, Севастополь, Ялта, Феодосия, Евпатория, Джанкой, Алушта, Керчь, Саки, Белогорск, Судак, Черноморское, Нижнегорский, Красногвардейское, Красноперекопск, Ленино, Бахчисарай, Раздольное, Армянск, Советский, Старый Крым, Октябрьское, Гвардейское, Щелкино, Грэсовский, Первомайское, Кировское, Вилино, Зуя ",Пн-Вс: 09:00 - 21:00,Круглосуточно,С 9:00 до 18:00,Онлайн и в офисах,Заемщику,"Паспорт, СНИЛС",Фото,Вручную,"[900, 3600]","Наличные, счет, карта",0,"Наличные, счет, карта",4.1,28.0,0,Нет,Есть,loan-usual,34.0,1000,500000,30.0,1095.0,0.1,0.2,18.0,75.0,900,3600.0,0,0.0,900,3600.0,,0,60007.1396123051,60185.5396123051,0.0,0,0,2,,0.1367951991975604,3.8293314268809784,MFI 17
Вся Россия,Круглосуточно,Круглосуточно,Круглосуточно,Онлайн,Заемщику (для уточнения),Паспорт РФ,секретное слово,Автоматически,300,"карта, счет, Яндекс.Деньги, Qiwi",0,"Счет, карта, СБП, МКБ, QIWI, Contact, Связной, Золотая Корона, Яндекс.Деньги, Сбер, Элекснет, Почта России",3.8,107.0,1,Да,Есть,loan-usual,1055.0,3000,30000,7.0,30.0,1.0,1.0,20.0,99.0,300,300.0,0,0.0,300,300.0,238404.59999999925,1,33211.4647766323,126004.26477663257,0.8556701030927835,1,0,1,138.73587877988555,0.1397408837794144,3.8288050685133346,MFI 18
Вся Россия,Круглосуточно,Круглосуточно,Круглосуточно,Онлайн,Заемщику (для уточнения),Паспорт РФ,секретное слово,Автоматически,300,"карта, счет, Яндекс.Деньги, Qiwi",0,"Счет, карта, СБП, МКБ, QIWI, Contact, Связной, Золотая Корона, Яндекс.Деньги, Сбер, Элекснет, Почта России",3.8,107.0,1,Да,Есть,loan-first,1059.0,3000,30000,7.0,30.0,0.0,1.0,20.0,99.0,300,300.0,0,0.0,300,300.0,188207.5,1,42102.88219895288,146331.70000000004,0.8115183246073299,1,0,1,148.4386742428471,0.13787558286310425,3.8288050685133346,MFI 18
Вся Россия,Круглосуточно,Круглосуточно,Круглосуточно,Онлайн,Заемщику (для уточнения),Паспорт,фото паспорта,Вручную,900,Карта,0,"Карта, счет, Почта России, Евросеть, Связной",3.0,295.0,0,Да,Нет,loan-usual,27.0,1500,30000,16.0,31.0,0.83,1.0,18.0,,900,900.0,0,0.0,900,900.0,6842.0,0,9833.297413793103,10479.797413793103,0.27298850574712646,0,0,2,98.08286155429747,0.13909626719056975,3.817056791084724,MFI 19
Вся Россия,Круглосуточно,Круглосуточно,Круглосуточно,Онлайн,Заемщику (для уточнения),Паспорт,фото паспорта,Вручную,900,Карта,0,"Карта, счет, Почта России, Евросеть, Связной",3.0,295.0,0,Да,Нет,loan-first,1358.0,1500,30000,7.0,14.0,0.0,1.0,18.0,,900,900.0,0,0.0,900,900.0,4817.799999999999,0,4140.5,5183.5,0.2553191489361702,0,0,2,116.87066188812773,0.13731627732378504,3.817056791084724,MFI 19
Вся Россия,с 9:00 до 18:00 в будние дни,Круглосуточно,Круглосуточно,Онлайн и в офисах,Да,Паспорт,код-пароль на телефон,Вручную,"[0, 3600]","наличные, карта, Яндекс.деньги, TKBPAY, Монета",0,"наличные, счет, карта, Золотая Корона, TKBPAY, РayMO",3.3,143.0,0,Да,Есть,loan-long,1097.0,4000,100000,28.0,365.0,0.3,1.0,21.0,71.0,0,3600.0,0,0.0,0,3600.0,752619.0999999926,1,110551.91397849462,257721.39139784954,0.8136200716845878,1,0,2,114.20042643923243,0.13706818298593865,3.825248811099671,MFI 20
Вся Россия,с 9:00 до 18:00 в будние дни,Круглосуточно,Круглосуточно,Онлайн и в офисах,Да,Паспорт,код-пароль на телефон,Вручную,"[0, 3600]","наличные, карта, Яндекс.деньги, TKBPAY, Монета",0,"наличные, счет, карта, Золотая Корона, TKBPAY, РayMO",3.3,143.0,0,Да,Есть,loan-first,1021.0,1000,29000,1.0,7.0,0.0,1.0,21.0,71.0,0,3600.0,0,0.0,0,3600.0,1741.999999999999,1,1080.6470588235293,5303.6470588235625,1.0,1,0,2,114.24307036247336,0.13708206336011822,3.825248811099671,MFI 20
Вся Россия,с 9:00 до 18:00 в будние дни,Круглосуточно,Круглосуточно,Онлайн и в офисах,Да,Паспорт,код-пароль на телефон,Вручную,"[0, 3600]","наличные, карта, Яндекс.деньги, TKBPAY, Монета",0,"наличные, счет, карта, Золотая Корона, TKBPAY, РayMO",3.3,143.0,0,Да,Есть,loan-usual,15.0,1000,15000,7.0,28.0,0.9,1.0,21.0,71.0,0,3600.0,0,0.0,0,3600.0,109130.25,0,58369.71244635193,58758.71244635193,0.8905579399141631,1,0,3,114.21753891486773,0.13047252883542107,3.825248811099671,MFI 20
Вся Россия,Круглосуточно,Круглосуточно,Круглосуточно,Онлайн,Заемщику (для уточнения),Паспорт,смс-код,Вручную,600,"Счет, Contact, карта, QIWI, Яндекс.Деньги","[120, 259200]","карта, счет, Contact, QIWI, Яндекс.Деньги, Евросеть, Связной, Элекснет, Мегафон",3.5,162.0,0,Да,Есть,loan-first,1022.0,3000,30000,1.0,7.0,0.0,0.0,18.0,,600,600.0,120,259200.0,720,259800.0,1825.9499999999998,0,38590.0,38895.9,0.9705882352941176,1,0,3,88.46607299636274,0.13719682930067953,3.8263469827586207,MFI 21
Вся Россия,Круглосуточно,Круглосуточно,Круглосуточно,Онлайн,Заемщику (для уточнения),Паспорт,смс-код,Вручную,600,"Счет, Contact, карта, QIWI, Яндекс.Деньги","[120, 259200]","карта, счет, Contact, QIWI, Яндекс.Деньги, Евросеть, Связной, Элекснет, Мегафон",3.5,162.0,0,Да,Есть,loan-long,1098.0,3000,100000,61.0,365.0,1.0,1.0,18.0,,600,600.0,120,259200.0,720,259800.0,777500.4,0,124389.25,124896.25,0.8888888888888888,1,0,3,114.74235963041934,0.1373852813852814,3.8263469827586207,MFI 21
Вся Россия,Круглосуточно,Круглосуточно,Круглосуточно,Онлайн,Заемщику (для уточнения),Паспорт,смс-код,Вручную,600,"Счет, Contact, карта, QIWI, Яндекс.Деньги","[120, 259200]","карта, счет, Contact, QIWI, Яндекс.Деньги, Евросеть, Связной, Элекснет, Мегафон",3.5,162.0,0,Да,Есть,loan-usual,16.0,3000,30000,1.0,30.0,1.0,1.0,18.0,,600,600.0,120,259200.0,720,259800.0,38345.09999999944,0,24264.322784810127,24620.322784810127,0.9794303797468354,1,0,3,86.03735391757307,0.13747376024197008,3.8263469827586207,MFI 21
Вся Россия,Круглосуточно,Круглосуточно,С 8:00 до 20:00 (МСК),Онлайн,Заемщику (для уточнения),"Паспорт, СНИЛС",Фото паспорта,Вручную,900,Карта,"[600, 259200]","карта, счет, Элекснет, QIWI, Contact",3.9,50.0,0,Да,Есть,loan-usual,9.0,3000,30000,8.0,30.0,1.0,1.0,18.0,,900,900.0,600,259200.0,1500,260100.0,0.0,1,439.0,13034.0,1.0,1,0,2,72.49466950959489,0.13697634160415464,3.8291321907013396,MFI 25
Вся Россия,Круглосуточно,Круглосуточно,Круглосуточно,Онлайн,Заемщику (для уточнения),ПаспортРФ,смс-код,Автоматически,600,"Карта, счет",0,"Карта, счет, Связной, Qiwi, Яндекс.Деньги",4.0,56.0,1,Да,Есть,loan-first,8239.0,2000,30000,5.0,21.0,0.0,1.0,18.0,65.0,600,600.0,0,0.0,600,600.0,2.5,1,2017.980392156863,6249.784313725496,0.9607843137254902,1,0,1,60.75504828797191,0.1373290677261388,3.8294288527818807,MFI 26
Вся Россия,Круглосуточно,Круглосуточно,Круглосуточно,Онлайн,Заемщику,Паспорт,смс-код,Автоматически,600,"Карта, счет",0,"Карта, счет, Связной, Qiwi, Яндекс.Деньги",5.0,56.0,1,Да,Есть,loan-usual,1367.0,2000,30000,5.0,30.0,1.0,1.0,18.0,65.0,600,600.0,0,0.0,600,600.0,1801.0,1,17002.796146044624,19856.796146044628,0.9239350912778904,1,0,1,57.226588010397165,0.14089934783600128,3.83218611521418,MFI 26
Вся Россия,Круглосуточно,Круглосуточно,Круглосуточно,Онлайн,Заемщику (для уточнения),ПаспортРФ,смс-код,Автоматически,600,"Карта, счет",0,"Карта, счет, Связной, Qiwi, Яндекс.Деньги",4.0,56.0,1,Да,Есть,loan-long,8073.0,2000,100000,31.0,365.0,1.0,1.0,18.0,65.0,600,600.0,0,0.0,600,600.0,0.0,1,1859.0000000000002,524430.5999999997,1.0,1,0,1,39.24553058881418,0.1371729987058606,3.8294288527818807,MFI 26
Вся Россия,Круглосуточно,Круглосуточно,Круглосуточно,Онлайн и в офисах,Нет,Паспорт,Фото,Вручную,300,"Наличные, карта",0,"Наличные, карта, счет",4.3,125.0,0,Да,Есть,loan-usual,62.0,500,30000,5.0,30.0,0.8,1.0,18.0,,300,300.0,0,0.0,300,300.0,323381.8499999988,1,80082.45370370371,83229.05370370371,0.14629629629629629,0,1,2,68.18447445313117,0.13848155291056613,3.831846508660876,MFI 27
Вся Россия,Круглосуточно,Круглосуточно,Круглосуточно,Онлайн и в офисах,Нет,Паспорт,Фото,Вручную,300,"Наличные, карта",0,"Наличные, карта, счет",4.3,125.0,0,Да,Есть,loan-long,1101.0,2000,200000,31.0,360.0,0.11,1.0,18.0,,300,300.0,0,0.0,300,300.0,306395.9999999992,1,84945.17857142857,405157.8392857143,0.35714285714285715,0,1,2,60.50360442684537,0.13741885224616981,3.831846508660876,MFI 27
Вся Россия,Круглосуточно,Круглосуточно,Круглосуточно,Онлайн и в офисах,Нет,Паспорт,Фото,Вручную,300,"Наличные, карта",0,"Наличные, карта, счет",4.3,125.0,0,Да,Есть,loan-first,2136.0,1000,15000,5.0,21.0,0.0,0.0,18.0,,300,300.0,0,0.0,300,300.0,751703.7999999999,1,139398.5,314110.5,0.2558139534883721,0,1,2,67.37739872068231,0.13722977458365804,3.831846508660876,MFI 27
Вся Россия,С 08:00 до 20:00,Круглосуточно,"ПН-ПТ с 9:00 до 20:00, СБ-ВС с 10:00 до 19:00 (МСК)",Онлайн и в офисах,Нет,Паспорт,оригинал паспорта,Вручную,900,"Наличные, карта",600,"наличные, карта, счет, QIWI, Золотая Корона, Почта России",4.3,30.0,0,Да,Есть,loan-usual,72.0,1000,30000,1.0,31.0,1.0,1.0,18.0,,900,900.0,600,600.0,1500,1500.0,1875.3500000000001,1,58801.607142857145,71457.00714285714,0.9285714285714286,1,0,2,72.12915016752969,0.13693134989020364,3.8296539144153026,MFI 28
Вся Россия,С 08:00 до 20:00,Круглосуточно,"ПН-ПТ с 9:00 до 20:00, СБ-ВС с 10:00 до 19:00 (МСК)",Онлайн и в офисах,Нет,Паспорт,оригинал паспорта,Вручную,900,"Наличные, карта",600,"наличные, карта, счет, QIWI, Золотая Корона, Почта России",4.3,30.0,0,Да,Есть,loan-first,8059.0,1000,30000,1.0,10.0,0.0,1.0,,,900,900.0,600,600.0,1500,1500.0,1797.6,1,1759.7692307692307,96299.16923076932,1.0,1,0,2,75.84057733311464,0.13712863281430485,3.8296539144153026,MFI 28
Вся Россия,С 5:00 до 21:00,Круглосуточно,ПН-ПТ с 10:00 до 19:00 (МСК),Онлайн,"Заемщику, контактным лицам",Паспорт,электронная подпись ,Вручную,"[0, 259200]",карта,900,"Карта, Qiwi, Quickpay",3.3,96.0,0,Да,Есть,loan-first,8084.0,10000,45000,1.0,14.0,0.0,1.0,18.0,72.0,0,259200.0,900,900.0,900,260100.0,2544149.5,0,781502.0454545454,782960.2454545454,0.5454545454545454,1,1,4,126.53615041674743,0.13696678089699654,3.8264619164619162,MFI 29
Вся Россия,С 5:00 до 21:00,Круглосуточно,ПН-ПТ с 10:00 до 19:00 (МСК),Онлайн,"Заемщику, контактным лицам",Паспорт,электронная подпись ,Вручную,"[0, 259200]",карта,900,"Карта, Qiwi, Quickpay",3.3,96.0,0,Да,Есть,loan-usual,32.0,5000,50000,63.0,182.0,0.9,1.0,18.0,72.0,0,259200.0,900,900.0,900,260100.0,1747660.199999996,0,310253.9387755102,310794.53877551015,0.7551020408163265,1,1,4,130.43122579522213,0.13521089920735105,3.8264619164619162,MFI 29
Вся Россия,С 5:00 до 21:00,Круглосуточно,ПН-ПТ с 10:00 до 19:00 (МСК),Онлайн,"Заемщику, контактным лицам",Паспорт,электронная подпись ,Вручную,"[0, 259200]",карта,900,"Карта, Qiwi, Quickpay",3.3,96.0,0,Да,Есть,loan-long,1108.0,5000,100000,63.0,182.0,0.53,1.0,18.0,72.0,0,259200.0,900,900.0,900,260100.0,974556.3999999976,0,186521.57971014493,186991.97971014492,0.8840579710144928,1,1,4,137.84493680665,0.13630193866155035,3.8264619164619162,MFI 29
"Республика Адыгея, Алтайский край, Архангельская, Астраханская, Белгородская, Брянская, Республика Калмыкия, Волгоградская, Вологодская, Воронежская, Ивановская, Калужская, Кемеровская, Курская, Лениградская, Липецкая, Москва, Мурманская, Новгородская, Новосибирская, Омская, Орловская, Ростовская, Республика Татарстан, Ставропольский край, Пермский край, Саратовская, Свердловская, Тамбовская, Томская, Тульская и Ярославская.",Круглосуточно,Круглосуточно,Круглосуточно,В офисах и онлайн,"Заемщику, контактным лицам",Паспорт,фото с код паролем,Вручную,300,карта,0,"карта, счет",4.0,224.0,0,Да,Есть,loan-usual,23.0,1000,30000,1.0,31.0,0.8,1.0,18.0,85.0,300,300.0,0,0.0,300,300.0,31128.600000000057,1,12664.506756756757,410852.9067567571,0.20270270270270271,0,0,1,120.51014233850057,0.13690885739186276,3.8308282058794805,MFI 30
"Республика Адыгея, Алтайский край, Архангельская, Астраханская, Белгородская, Брянская, Республика Калмыкия, Волгоградская, Вологодская, Воронежская, Ивановская, Калужская, Кемеровская, Курская, Лениградская, Липецкая, Москва, Мурманская, Новгородская, Новосибирская, Омская, Орловская, Ростовская, Республика Татарстан, Ставропольский край, Пермский край, Саратовская, Свердловская, Тамбовская, Томская, Тульская и Ярославская.",Круглосуточно,Круглосуточно,Круглосуточно,В офисах и онлайн,"Заемщику, контактным лицам",Паспорт,фото с код паролем,Вручную,300,карта,0,"карта, счет",4.0,224.0,0,Да,Есть,loan-long,8070.0,30000,100000,31.0,365.0,0.36,1.0,18.0,85.0,300,300.0,0,0.0,300,300.0,3580.5999999999954,1,2625.0,558643.6769230769,0.23076923076923078,0,0,1,120.57569296375269,0.13714130585462778,3.8308282058794805,MFI 30
Вся Россия,Круглосуточно,Круглосуточно,С 6:00 до 20:00 (МСК),Онлайн,Заемщику,"Паспорт, СНИЛС",код-пароль на телефон,Вручную,900,"Карта, счет",900,"Карта, счет, QIWI, Contact, Яндекс.Деньги",3.6,115.0,1,Да,Есть,loan-first,1017.0,1000,10000,1.0,15.0,0.0,1.0,21.0,65.0,900,900.0,900,900.0,1800,1800.0,189336.6999999994,0,44468.42372881356,45240.42372881356,0.5932203389830508,1,0,2,134.95717538216905,0.1372389523479866,3.827664588345034,MFI 31
Вся Россия,Круглосуточно,Круглосуточно,С 6:00 до 20:00 (МСК),Онлайн,Заемщику,"Паспорт, СНИЛС",код-пароль на телефон,Вручную,900,"Карта, счет",900,"Карта, счет, QIWI, Contact, Яндекс.Деньги",3.6,115.0,1,Да,Есть,loan-long,1109.0,30000,100000,61.0,180.0,0.6,1.0,21.0,65.0,900,900.0,900,900.0,1800,1800.0,249379.95,1,58551.28333333333,195438.2266666669,0.6166666666666667,1,0,1,94.55579246624023,0.13727798358896237,3.827664588345034,MFI 31
Вся Россия,Круглосуточно,Круглосуточно,С 6:00 до 20:00 (МСК),Онлайн,Заемщику,"Паспорт, СНИЛС",код-пароль на телефон,Вручную,900,"Карта, счет",900,"Карта, счет, QIWI, Contact, Яндекс.Деньги",3.6,115.0,1,Да,Есть,loan-usual,10.0,1000,30000,10.0,30.0,0.8,1.0,21.0,65.0,900,900.0,900,900.0,1800,1800.0,338425.7999999992,0,65755.39047619049,66363.59047619048,0.6323809523809524,1,0,2,144.2583003350594,0.13688000496616798,3.827664588345034,MFI 31
Вся Россия,Круглосуточно,Круглосуточно,Круглосуточно,Онлайн и в офисах,"Заемщику, контактным лицам, работодателю","Паспорт, пенсионное удостоверение",фото паспорта,Вручную,"[0, 1800]","наличные, карта, счет",180,"Наличные, карта, Почта России, Элекснет, МКБ, QIWI, счет",4.2,94.0,0,Да,Есть,loan-first,1062.0,1000,7000,1.0,7.0,0.0,1.0,18.0,90.0,0,1800.0,180,180.0,180,1980.0,0.0,1,4665.0,2599613.5,1.0,1,0,2,58.3368869936034,0.13712160156182313,3.8306713190485553,MFI 32
Вся Россия,Круглосуточно,Круглосуточно,Круглосуточно,Онлайн и в офисах,"Заемщику, контактным лицам, работодателю","Паспорт, пенсионное удостоверение",фото паспорта,Вручную,"[0, 1800]","наличные, карта, счет",180,"Наличные, карта, Почта России, Элекснет, МКБ, QIWI, счет",4.2,94.0,0,Да,Есть,loan-long,8293.0,30000,100000,35.0,364.0,0.05,1.0,18.0,90.0,0,1800.0,180,180.0,180,1980.0,7019.199999999996,1,69051.3390410959,2664521.2390410956,0.9041095890410958,1,0,2,84.48170108362297,0.13793301446396067,3.8306713190485553,MFI 32
Вся Россия,Круглосуточно,Круглосуточно,Круглосуточно,Онлайн и в офисах,"Заемщику, контактным лицам, работодателю","Паспорт, пенсионное удостоверение",фото паспорта,Вручную,"[0, 1800]","наличные, карта, счет",180,"Наличные, карта, Почта России, Элекснет, МКБ, QIWI, счет",4.2,94.0,0,Да,Есть,loan-usual,30.0,1000,100000,4.0,30.0,0.89,1.0,18.0,90.0,0,1800.0,180,180.0,180,1980.0,17097.99999999994,1,37078.69463087248,2632079.1946308725,0.8389261744966443,1,0,2,82.50597444226614,0.13669748404270543,3.8306713190485553,MFI 32
Вся Россия,Круглосуточно,Круглосуточно,Круглосуточно,Онлайн,"Заемщику, контактным лицам",Паспорт,фото с паспортом,Автоматически или вручную,"[10, inf]","Счет, карта",0,"счет, карта, Сбер, Яндекс.Деньги",3.5,916.0,1,Да,Есть,loan-first,1362.0,2000,20000,7.0,31.0,0.0,0.0,18.0,,10,inf,0,0.0,10,inf,1120152.2499999998,0,159349.44696969696,160093.64696969697,0.3712121212121212,0,0,1,109.20882599987078,0.13747371453262278,3.814723665564478,MFI 33
Вся Россия,Круглосуточно,Круглосуточно,Круглосуточно,Онлайн,"Заемщику, контактным лицам",Паспорт,фото с паспортом,Автоматически или вручную,"[10, inf]","Счет, карта",0,"счет, карта, Сбер, Яндекс.Деньги",3.5,916.0,1,Да,Есть,loan-long,8068.0,21000,100000,31.0,365.0,0.32,1.0,18.0,,10,inf,0,0.0,10,inf,1675996.999999998,0,397866.2162162162,399047.2162162162,0.10810810810810811,0,0,1,121.08569123494497,0.1372418810920682,3.814723665564478,MFI 33
Вся Россия,Круглосуточно,Круглосуточно,Круглосуточно,Онлайн,"Заемщику, контактным лицам",Паспорт,фото с паспортом,Автоматически или вручную,"[10, inf]","Счет, карта",0,"счет, карта, Сбер, Яндекс.Деньги",3.5,916.0,1,Да,Есть,loan-usual,46.0,1000,20000,7.0,31.0,1.0,1.0,18.0,,10,inf,0,0.0,10,inf,874071.3999999999,0,105438.73425692695,105943.93425692695,0.44080604534005036,0,0,1,77.04371270670755,0.13778983438035408,3.814723665564478,MFI 33
Вся Россия,с 9:00 до 18:00,круглосуточно,9:00-18:00,Онлайн,Заемщику,"паспорт, СНИЛС, пенсионное удостоверение (при наличии)",СМС-код,Вручную,900,"Наличные, карта","[0, 86400]","карта, наличные, счет, Яндекс.Деньги, Qiwi, Золотая Корона",4.7,11.0,1,Да,,loan-long,8352.0,10000,100000,60.0,270.0,0.4,1.0,18.0,,900,900.0,0,86400.0,900,87300.0,,1,62045.1396123051,63666.6396123051,0.0,0,1,1,,0.1370448442147209,3.829430051813471,MFI 34
Вся Россия,с 9:00 до 18:00,круглосуточно,9:00-18:00,Онлайн,Заемщику,"паспорт, СНИЛС, пенсионное удостоверение (при наличии)",СМС-код,Вручную,900,"Наличные, карта","[0, 86400]","карта, наличные, счет, Яндекс.Деньги, Qiwi, Золотая Корона",4.7,11.0,1,Да,,loan-usual,8350.0,1000,30000,31.0,35.0,0.4,1.0,18.0,,900,900.0,0,86400.0,900,87300.0,,0,61563.1396123051,63403.8396123051,0.0,0,1,2,,0.1370986844765927,3.829430051813471,MFI 34
Вся Россия,Круглосуточно,Круглосуточно,Круглосуточно,Онлайн,Нет,Паспорт,фото с паспортом,Автоматически,900,"счет, карта, Contact","[900, 259200]","Счет, карта, QIWI, Почта России, Contact, Золотая Корона, Связной, Мегафон, Билайн, Кари",3.9,148.0,0,Да,Есть,loan-usual,14.0,2000,30000,5.0,35.0,1.0,1.0,18.0,65.0,900,900.0,900,259200.0,1800,260100.0,80318.79999999994,0,44398.58273381295,45001.58273381295,0.9688249400479616,1,0,3,113.43181318484658,0.1373221414679087,3.8294726007254187,MFI 35
Вся Россия,Круглосуточно,Круглосуточно,Круглосуточно,Онлайн,Нет,Паспорт,фото с паспортом,Автоматически,900,"счет, карта, Contact","[900, 259200]","Счет, карта, QIWI, Почта России, Contact, Золотая Корона, Связной, Мегафон, Билайн, Кари",3.9,148.0,0,Да,Есть,loan-first,1018.0,3000,15000,5.0,35.0,0.0,0.0,18.0,65.0,900,900.0,900,259200.0,1800,260100.0,436202.19999999943,1,74427.38461538461,133578.5076923079,0.8461538461538461,1,0,2,127.1937018205675,0.1371381373749509,3.8294726007254187,MFI 35
Вся Россия,Круглосуточно,Круглосуточно,Круглосуточно,Онлайн,Нет,Паспорт,фото с паспортом,Автоматически,900,"счет, карта, Contact","[900, 259200]","Счет, карта, QIWI, Почта России, Contact, Золотая Корона, Связной, Мегафон, Билайн, Кари",3.9,148.0,0,Да,Есть,loan-long,7093.0,5000,55000,5.0,168.0,1.0,1.0,18.0,65.0,900,900.0,900,259200.0,1800,260100.0,5191.099999999997,1,1640.2857142857142,169290.0,1.0,1,0,2,109.29028327749009,0.1371407112112546,3.8294726007254187,MFI 35
Вся Россия,Круглосуточно,Круглосуточно,Круглосуточно,Онлайн,Нет,Паспорт,Фото,Автоматически,"[0, 180]","карта, счет, Золотая Корона, QIWI, Яндекс.Деньги, Contact",0,"карта, счет, QIWI, Яндекс.Деньги, Contact",4.5,355.0,0,Да,Есть,loan-long,8076.0,30000,100000,31.0,360.0,0.5,0.99,18.0,,0,180.0,0,0.0,0,180.0,0.0,0,764.0,1243.6,1.0,1,0,3,170.4868514570007,0.13721435338154764,3.8405162792954535,MFI 36
Вся Россия,Круглосуточно,Круглосуточно,Круглосуточно,Онлайн,Нет,Паспорт,Фото,Автоматически,"[0, 180]","карта, счет, Золотая Корона, QIWI, Яндекс.Деньги, Contact",0,"карта, счет, QIWI, Яндекс.Деньги, Contact",4.5,355.0,0,Да,Есть,loan-first,1016.0,100,30000,7.0,21.0,0.0,0.0,18.0,,0,180.0,0,0.0,0,180.0,0.0,0,719.0,1473.3999999999999,1.0,1,0,3,164.63976414225172,0.13780295077806873,3.8405162792954535,MFI 36
Вся Россия,Круглосуточно,Круглосуточно,Круглосуточно,Онлайн,Нет,Паспорт,Фото,Автоматически,"[0, 180]","карта, счет, Золотая Корона, QIWI, Яндекс.Деньги, Contact",0,"карта, счет, QIWI, Яндекс.Деньги, Contact",4.5,355.0,0,Да,Есть,loan-usual,11.0,100,30000,7.0,31.0,0.99,0.99,18.0,,0,180.0,0,0.0,0,180.0,0.0,0,693.0,1366.6000000000004,1.0,1,0,3,166.5682082957818,0.14161443367109736,3.8405162792954535,MFI 36
Вся Россия,Круглосуточно,Круглосуточно,,Онлайн,,паспорт,смс-код,Автоматически или вручную,"[1200, 86400]","карта, счет, Contact",300,"карта, счет, QR-код, Qiwi, Contact, Почта России",4.7,11.0,0,Да,Есть,loan-long,9020.0,15000,500000,31.0,730.0,0.08,1.0,20.0,75.0,1200,86400.0,300,300.0,1500,86700.0,0.0,1,755.0,34484.00000000003,1.0,1,0,2,72.49466950959489,0.1371189535233077,3.829430051813471,MFI 37
Вся Россия,Круглосуточно,Круглосуточно,,Онлайн,,паспорт,смс-код,Автоматически или вручную,"[1200, 86400]","карта, счет, Contact",300,"карта, счет, QR-код, Qiwi, Contact, Почта России",4.7,11.0,0,Да,Есть,loan-usual,8122.0,1000,15000,5.0,30.0,1.0,1.0,20.0,75.0,1200,86400.0,300,300.0,1500,86700.0,86778.59999999998,0,47708.254716981144,48323.35471698114,0.9433962264150944,1,0,3,72.49466950959489,0.13690657793998284,3.829430051813471,MFI 37
Вся Россия,Круглосуточно,Круглосуточно,Круглосуточно,Онлайн,Заемщику (для уточнения),Паспорт,Фото с паспортом и картой,Автоматически,240,"Карта, счет, Яндекс.Деньги, Qiwi, Contact",0,"Карта, счет, Qiwi, Яндекс.Деньги, Ноу-Хау, Contact, МКБ, Элекснет, Связной",4.0,452.0,0,Да,Есть,loan-usual,7.0,2000,30000,7.0,30.0,1.0,1.0,18.0,75.0,240,240.0,0,0.0,240,240.0,148517.99999999884,0,66532.53125,66964.53125,0.5089285714285714,1,0,3,205.59663417605847,0.1392227059067404,3.8326910074374574,MFI 39
Вся Россия,Круглосуточно,Круглосуточно,Круглосуточно,Онлайн,Заемщику (для уточнения),Паспорт,Фото с паспортом и картой,Автоматически,240,"Карта, счет, Яндекс.Деньги, Qiwi, Contact",0,"Карта, счет, Qiwi, Яндекс.Деньги, Ноу-Хау, Contact, МКБ, Элекснет, Связной",4.0,452.0,0,Да,Есть,loan-first,1402.0,2000,30000,7.0,21.0,0.0,1.0,18.0,75.0,240,240.0,0,0.0,240,240.0,533110.0999999992,0,66007.60975609756,66420.80975609756,0.5691056910569106,1,0,3,207.17666025274326,0.1375827699974621,3.8326910074374574,MFI 39
Вся Россия,Круглосуточно,Круглосуточно,Круглосуточно,Онлайн,Заемщику (для уточнения),Паспорт,Фото с паспортом и картой,Автоматически,240,"Карта, счет, Яндекс.Деньги, Qiwi, Contact",0,"Карта, счет, Qiwi, Яндекс.Деньги, Ноу-Хау, Contact, МКБ, Элекснет, Связной",4.0,452.0,0,Да,Есть,loan-long,8104.0,2000,100000,31.0,365.0,0.2,1.0,18.0,75.0,240,240.0,0,0.0,240,240.0,142577.39999999478,1,56874.985714285714,587823.9857142862,0.55,1,0,2,218.9795918367347,0.1376093899528427,3.8326910074374574,MFI 39
Вся Россия,Круглосуточно,Круглосуточно,Круглосуточно,Онлайн,Заемщику,Паспорт,код-пароль на телефон,Автоматически или вручную,"[0, 180]","Карта, счет","[600, 10800]","карта, счет, Золотая Корона, Qiwi, Contact",3.9,78.0,1,Да,Есть,loan-usual,19.0,5000,30000,5.0,30.0,1.0,1.0,18.0,,0,180.0,600,10800.0,600,10980.0,0.0,1,12842.456862745097,24149.669803921573,0.996078431372549,1,0,1,112.7173376813412,0.13730832629986914,3.8292297855597086,MFI 40
Вся Россия,Круглосуточно,Круглосуточно,"ПН-ПТ с 9:00 до 21:00, СБ-ВС с 10:00 до 20:00 (МСК)",Онлайн и в офисах,Заемщику,Паспорт,Лично или кодовое слово,Вручную,"[0, 2700]","Наличные, карта ""Заем-экспресс""",900,"Наличные, карта, счет, QIWI, Элекснет, МКБ, Золотая корона",3.2,70.0,0,Да,Есть,loan-first,9009.0,3000,5000,14.0,30.0,0.0,1.0,18.0,70.0,0,2700.0,900,900.0,900,3600.0,2367.25,0,2270.5,4815.3,1.0,1,0,3,179.1044776119403,0.1371205380357535,3.8267909860263725,MFI 43
Вся Россия,Круглосуточно,Круглосуточно,"ПН-ПТ с 9:00 до 21:00, СБ-ВС с 10:00 до 20:00 (МСК)",Онлайн и в офисах,Заемщику,Паспорт,Лично или кодовое слово,Вручную,"[0, 2700]","Наличные, карта ""Заем-экспресс""",900,"Наличные, карта, счет, QIWI, Элекснет, МКБ, Золотая корона",3.2,70.0,0,Да,Есть,loan-long,7077.0,31000,80000,70.0,126.0,1.0,1.0,18.0,70.0,0,2700.0,900,900.0,900,3600.0,0.0,1,1468.5,31997.000000000004,1.0,1,0,2,179.1044776119403,0.13711974577495306,3.8267909860263725,MFI 43
Вся Россия,Круглосуточно,Круглосуточно,"ПН-ПТ с 9:00 до 21:00, СБ-ВС с 10:00 до 20:00 (МСК)",Онлайн и в офисах,Заемщику,Паспорт,Лично или кодовое слово,Вручную,"[0, 2700]","Наличные, карта ""Заем-экспресс""",900,"Наличные, карта, счет, QIWI, Элекснет, МКБ, Золотая корона",3.2,70.0,0,Да,Есть,loan-usual,48.0,1000,30000,7.0,31.0,1.0,1.0,18.0,70.0,0,2700.0,900,900.0,900,3600.0,2120968.3999999994,1,352853.0797101449,509089.7797101449,0.7391304347826086,1,0,2,177.12678841815767,0.1372166904019234,3.8267909860263725,MFI 43
Вся Россия,Круглосуточно,Круглосуточно,Круглосуточно,Онлайн,Заемщику ,Паспорт,Фотография паспорта,Вручную,"[300, inf]",Карта,0,"Карта, счет, Contact",5.0,9.0,1,Да,Есть,loan-long,7595.0,10000,100000,91.0,365.0,0.5,1.0,21.0,65.0,300,inf,0,0.0,300,inf,3888606.6000000006,1,721762.5918367347,1067039.4918367346,0.16326530612244897,0,0,0,135.27696793002914,0.13653145006172307,3.8294773725509548,MFI 47
Вся Россия,Круглосуточно,Круглосуточно,Круглосуточно,Онлайн и в офисах,Заемщику,"Паспорт, СНИЛС, пенсионное удостоверение","скан/фото документов, фото клиента",Автоматически или вручную,"[0, 900]","карта, наличные",0,"Карта, счет, наличные Золотая Корона, Яндекс.Деньги, Qiwi",4.6,14.0,1,Да,Есть,loan-long,6586.0,1000,200000,30.0,365.0,0.4,1.0,18.0,,0,900.0,0,0.0,0,900.0,10805.0,1,13455.5,39333.700000000026,0.0,0,1,1,68.23027718550107,0.13693357876089854,3.8294898361949867,MFI 48
Вся Россия,Круглосуточно,Круглосуточно,Круглосуточно,Онлайн,Нет,"Паспорт, СНИЛС или ИНН","Скан-копии, смс-код",Автоматически или вручную,"[600, inf]",Карта,"[0, 86400]","Карта, счет, QIWI, Contact, Связной, Элекснет, Европлат, Яндекс.Деньги",2.5,70.0,1,Да,Есть,loan-first,8150.0,1000,100000,7.0,50.0,,0.0,18.0,,600,inf,0,86400.0,600,inf,0.0,0,344.5,369.7,1.0,1,0,2,68.23027718550107,0.13712291487308675,3.824380043298563,MFI 49
Вся Россия,Круглосуточно,Круглосуточно,Круглосуточно,Онлайн,Нет,"Паспорт, СНИЛС или ИНН","Скан-копии, смс-код",Автоматически или вручную,"[600, inf]",Карта,"[0, 86400]","Карта, счет, QIWI, Contact, Связной, Элекснет, Европлат, Яндекс.Деньги",2.5,70.0,1,Да,Есть,loan-long,4198.0,1000,100000,60.0,365.0,0.03,1.0,18.0,,600,inf,0,86400.0,600,inf,0.0,1,802.0,12799.599999999988,1.0,1,0,1,68.23027718550107,0.13751501570874144,3.824380043298563,MFI 49
Вся Россия,круглосуточно,круглосуточно,круглосуточно,Онлайн,,паспорт,СМС-код,Автоматически и вручную,30,карта,0,"Qiwi, карта, счет, Почта России",3.8,15.0,0,Да,Есть,loan-first,8172.0,1000,30000,7.0,14.0,0.0,1.0,21.0,70.0,30,30.0,0,0.0,30,30.0,2659.6999999999994,0,2288.5714285714284,3157.5714285714284,0.0,0,0,2,98.20286323484616,0.1371098172408216,3.8289358133109674,MFI 50
Вся Россия,круглосуточно,круглосуточно,круглосуточно,Онлайн,,паспорт,СМС-код,Автоматически и вручную,30,карта,0,"Qiwi, карта, счет, Почта России",3.8,15.0,0,Да,Есть,loan-usual,8171.0,1000,30000,7.0,30.0,1.0,1.0,21.0,70.0,30,30.0,0,0.0,30,30.0,105906.4999999997,0,19638.53488372093,20395.03488372093,0.0872093023255814,0,0,2,106.63955967669955,0.13665391717979064,3.8289358133109674,MFI 50
Вся Россия,Круглосуточно,Круглосуточно,Круглосуточно,Онлайн,Нет,Паспорт,смс-код,Автоматически или вручную,300,"Карта, счет, QIWI, Contact",0,"Карта, счет, QIWI, Евросеть, Сбербанк Онлайн",4.2,139.0,1,Да,Есть,loan-usual,7352.0,1000,30000,1.0,30.0,0.8,1.0,21.0,,300,300.0,0,0.0,300,300.0,257220.7999999999,0,84898.60215053764,85451.90215053764,0.5591397849462365,1,0,2,79.78540477336817,0.136412828749592,3.831486294316677,MFI 52
Вся Россия,Круглосуточно,Круглосуточно,Круглосуточно,Онлайн,Нет,Паспорт,смс-код,Автоматически или вручную,300,"Карта, счет, QIWI, Contact",0,"Карта, счет, QIWI, Евросеть, Сбербанк Онлайн",4.2,139.0,1,Да,Есть,loan-long,1116.0,1000,70000,31.0,168.0,0.5,0.84,21.0,,300,300.0,0,0.0,300,300.0,368744.9999999999,0,129667.375,130487.975,0.46875,0,0,1,75.92750533049039,0.13703259440381999,3.831486294316677,MFI 52
Вся Россия,Круглосуточно,Круглосуточно,Круглосуточно,Онлайн,Нет,Паспорт,,Автоматически,"[0, 180]","Карта, счет","[0, 600]","карта, счет, Яндекс.Деньги",3.4,36.0,1,Да,Есть,loan-usual,5789.0,4000,30000,5.0,30.0,1.0,1.0,18.0,,0,180.0,0,600.0,0,780.0,9446.149999999985,1,25758.10436893204,34239.704368932034,0.7815533980582524,1,0,1,60.67805908046453,0.13648724283557873,3.828196155741744,MFI 54
Вся Россия,Круглосуточно,Круглосуточно,Круглосуточно,Онлайн,Заемщику,"Паспорт РФ, СНИЛС","фото паспорта и карты, селфи с паспортом",Вручную,900,Карта,"[0, 86400]","Карта,счет, QIWI, Почта России ",3.1,200.0,0,Да,Есть,loan-usual,1088.0,1000,30000,7.0,31.0,1.0,1.0,18.0,,900,900.0,0,86400.0,900,87300.0,132825.5499999998,1,32180.133620689656,36810.13362068965,0.9267241379310345,1,0,2,129.82685096684065,0.1368787844167714,3.8218294710081158,MFI 55
Вся Россия,Круглосуточно,Круглосуточно,Круглосуточно,Онлайн,Заемщику,"Паспорт РФ, СНИЛС","фото паспорта и карты, селфи с паспортом",Вручную,900,Карта,"[0, 86400]","Карта,счет, QIWI, Почта России ",3.1,200.0,0,Да,Есть,loan-first,1574.0,1000,30000,1.0,7.0,0.0,0.0,18.0,,900,900.0,0,86400.0,900,87300.0,394611.2000000001,0,51128.65,51885.350000000006,0.9,1,0,3,130.0639658848614,0.1371746073918342,3.8218294710081158,MFI 55
Вся Россия,Круглосуточно,Круглосуточно,С 9:00 до 21:00 (МСК),Онлайн,Заемщику,Паспорт,смс-код,Вручную,900,Карта,600,"Карта, Счет, QIWI, Элекснет, МКБ",3.8,75.0,0,Да,Есть,loan-usual,4.0,2000,30000,5.0,30.0,1.0,1.0,18.0,70.0,900,900.0,600,600.0,1500,1500.0,281168.0,1,57597.38403990025,68637.88403990027,0.11221945137157108,0,0,1,122.46356390473709,0.13304773089413413,3.828850410743273,MFI 56
Вся Россия,Круглосуточно,Круглосуточно,Круглосуточно,Онлайн,Заемщику,Паспорт,смс-код,Автоматически,360,"Счет, карта, Contact",0,"счет, карта, Contact, QIWI, Почта банк, Связной, Мегафон, Элекснет",4.0,164.0,1,Да,Есть,loan-usual,21.0,1000,30000,5.0,30.0,1.0,1.0,18.0,70.0,360,360.0,0,0.0,360,360.0,29757.0,0,23373.991525423728,23827.291525423727,0.5466101694915254,1,0,2,128.9360702540566,0.13666041318591085,3.8303310804192376,MFI 57
Вся Россия,Круглосуточно,Круглосуточно,Круглосуточно,Онлайн,Заемщику,Паспорт,смс-код,Автоматически,360,"Счет, карта, Contact",0,"счет, карта, Contact, QIWI, Почта банк, Связной, Мегафон, Элекснет",4.0,164.0,1,Да,Есть,loan-first,1061.0,1000,15000,5.0,20.0,0.0,0.0,18.0,70.0,360,360.0,0,0.0,360,360.0,11517.0,0,10139.252475247526,10627.952475247526,0.7029702970297029,1,0,2,136.33726698895902,0.1373457590585035,3.8303310804192376,MFI 57
Вся Россия,Круглосуточно,Круглосуточно,Круглосуточно,Онлайн,Заемщику,Паспорт,смс-код,Автоматически,360,"Счет, карта, Contact",0,"счет, карта, Contact, QIWI, Почта банк, Связной, Мегафон, Элекснет",4.0,164.0,1,Да,Есть,loan-long,8077.0,3000,70000,56.0,168.0,0.75,1.0,18.0,70.0,360,360.0,0,0.0,360,360.0,54264.69999999995,0,12992.285714285714,13444.285714285714,0.42857142857142855,0,0,1,127.76728601888519,0.13713278835321643,3.8303310804192376,MFI 57
Вся Россия,Круглосуточно,Круглосуточно,Круглосуточно,Онлайн,Заемщику,"Паспорт, СНИЛС",фото с паспортом и картой,Вручную,600,"счет, карта, Яндекс.Деньги, Монета",0,"счет, карта, QIWI, Яндекс.Деньги, Монета, Юkassa, Элекснет",3.4,80.0,1,Да,Есть,loan-usual,13.0,2000,30000,5.0,30.0,1.0,1.0,21.0,70.0,600,600.0,0,0.0,600,600.0,4803.6,0,35172.82904884319,35764.22904884319,0.9203084832904884,1,0,2,82.59327673055947,0.13851702532118101,3.8272695977181073,MFI 58
"Москва, Московская область, Сакт-Петербург, Ленинградская область, Краснодарский край, Ростовская область, Республика Адыгея, Ставропольский край",Круглосуточно,Круглосуточно,С 9:00 до 20:00 (МСК),Онлайн и в офисах,Заемщику,"Паспорт, пенсионное удостоверение",электронная подпись,Вручную,900,"Наличные, карта, Contact","[0, 86400]","Наличные, счет, карта, Contact",3.4,17.0,0,Да,Есть,loan-long,1085.0,1000,100000,30.0,180.0,1.0,1.0,18.0,,900,900.0,0,86400.0,900,87300.0,0.0,1,421.0,6648.800000000006,1.0,1,0,2,9.137105743411391,0.13883955344374221,3.828597503823196,MFI 60
Вся Россия,Круглосуточно,Круглосуточно,Круглосуточно,Онлайн,Заемщику,Паспорт,код-пароль и селфи с ним,Вручную,1200,"Карта, счет","[0, 900]","Карта, счет, Pay.Travel",2.8,14.0,1,Нет,Есть,loan-long,9029.0,500,30000,31.0,60.0,1.0,1.0,18.0,80.0,1200,1200.0,0,900.0,1200,2100.0,,1,144043.1396123051,144043.1396123051,0.0,0,0,0,,0.13711215115271277,3.8282464969409906,MFI 61
Вся Россия,Круглосуточно,Круглосуточно,Круглосуточно,Онлайн,Заемщику,Паспорт,код-пароль и селфи с ним,Вручную,1200,"Карта, счет","[0, 900]","Карта, счет, Pay.Travel",2.8,14.0,1,Нет,Есть,loan-usual,2172.0,500,30000,1.0,31.0,1.0,1.0,18.0,80.0,1200,1200.0,0,900.0,1200,2100.0,227898.50000000003,1,27418.302325581397,35914.90232558141,0.8372093023255814,1,0,1,32.92482768879854,0.13721897650407347,3.8282464969409906,MFI 61
Вся Россия,Круглосуточно,Круглосуточно,Круглосуточно,Онлайн,Заемщику,Паспорт,смс-код,Автоматически,1800,"Карта, Яндекс.Деньги",180,"Карта, Яндекс.Деньги, счет",4.5,504.0,0,Да,Есть,loan-usual,1932.0,3000,30000,5.0,30.0,0.5,1.0,21.0,70.0,1800,1800.0,180,180.0,1980,1980.0,,0,60550.6396123051,60625.439612305105,0.0,0,0,2,,0.1371113589220609,3.8452500240870986,MFI 62
Вся Россия,Круглосуточно,круглосуточно,круглосуточно,Онлайн,"Нет, в редких случаях возможны звонки от менеджеров","Паспорт , СНИЛС или ИНН",код-пароль на телефон или электронную почту,Автоматически или вручную,60,"Счет, карта, QIWI, Contact",0,"Счет, карта, QIWI, Contact",4.0,339.0,1,Да,Есть,loan-first,1060.0,1000,20000,1.0,15.0,0.0,1.0,21.0,70.0,60,60.0,0,0.0,60,60.0,200657.2999999993,1,67587.5925925926,90036.5925925926,0.5740740740740741,1,0,1,145.2320721787886,0.13733687492782076,3.8317729325498955,MFI 64
Вся Россия,Круглосуточно,круглосуточно,круглосуточно,Онлайн,"Нет, в редких случаях возможны звонки от менеджеров","Паспорт , СНИЛС или ИНН",код-пароль на телефон или электронную почту,Автоматически или вручную,60,"Счет, карта, QIWI, Contact",0,"Счет, карта, QIWI, Contact",4.0,339.0,1,Да,Есть,loan-long,1123.0,1000,100000,31.0,168.0,0.27,1.0,21.0,70.0,60,60.0,0,0.0,60,60.0,481184.0000000016,1,83302.52898550725,397556.40000000066,0.7463768115942029,1,0,1,130.24634167670962,0.13768120122060257,3.8317729325498955,MFI 64
Вся Россия,Круглосуточно,круглосуточно,круглосуточно,Онлайн,"Нет, в редких случаях возможны звонки от менеджеров","Паспорт , СНИЛС или ИНН",код-пароль на телефон или электронную почту,Автоматически или вручную,60,"Счет, карта, QIWI, Contact",0,"Счет, карта, QIWI, Contact",4.0,339.0,1,Да,Есть,loan-usual,9131.0,1000,30000,1.0,30.0,1.0,1.0,21.0,70.0,60,60.0,0,0.0,60,60.0,256717.3999999991,1,82773.79613095238,90024.9961309524,0.7767857142857143,1,0,1,135.22487333739468,0.13931580990659756,3.8317729325498955,MFI 64
Вся Россия,Круглосуточно,Круглосуточно,Круглосуточно,Онлайн,Нет,Паспорт,"смс, электронная почта",Автоматически или вручную,900,Карта,"[60, 120]","Карта, счет, Элекснет",4.5,223.0,0,Да,Есть,loan-usual,1084.0,3000,30000,5.0,30.0,0.9,1.0,18.0,65.0,900,900.0,60,120.0,960,1020.0,190410.40000000002,1,52085.72249589491,2676361.5224958947,0.5977011494252874,1,0,2,229.93267301774034,0.13420121083799252,3.836265077892269,MFI 66
Вся Россия,Круглосуточно,Круглосуточно,Круглосуточно,Онлайн,"Заемщику (для уточнения), работодателю","Паспорт, СНИЛС",код-пароль в SMS-сообщении или через входящий звонок,Автоматически или вручную,60,"Счет, карта, Contact",0,"Счет, карта, Элекснет, QIWI, Contact, МКБ",4.5,516.0,0,Нет,Есть,loan-long,1127.0,30000,80000,33.0,294.0,0.5,1.0,18.0,70.0,60,60.0,0,0.0,60,60.0,8244.199999999993,1,8948.882352941177,104145.14411764662,0.45588235294117646,0,0,1,193.0847861532673,0.13738677627742915,3.8456283100625903,MFI 68
Вся Россия,Круглосуточно,Круглосуточно,Круглосуточно,Онлайн,"Заемщику (для уточнения), работодателю","Паспорт, СНИЛС",код-пароль в SMS-сообщении или через входящий звонок,Автоматически или вручную,60,"Счет, карта, Contact",0,"Счет, карта, Элекснет, QIWI, Contact, МКБ",4.5,516.0,0,Нет,Есть,loan-first,1058.0,1500,15000,5.0,21.0,0.0,1.0,18.0,70.0,60,60.0,0,0.0,60,60.0,4071.9999999999995,0,3839.0000000000005,5487.582352941176,0.27941176470588236,0,0,2,212.83519377900416,0.13740898776495314,3.8456283100625903,MFI 68
Вся Россия,Круглосуточно,Круглосуточно,Круглосуточно,Онлайн,"Заемщику (для уточнения), работодателю","Паспорт, СНИЛС",код-пароль в SMS-сообщении или через входящий звонок,Автоматически или вручную,60,"Счет, карта, Contact",0,"Счет, карта, Элекснет, QIWI, Contact, МКБ",4.5,516.0,0,Нет,Есть,loan-usual,17.0,1500,30000,5.0,33.0,0.7,1.0,18.0,70.0,60,60.0,0,0.0,60,60.0,7013.749999999971,0,30486.791280148424,31038.391280148426,0.29313543599257885,0,0,2,207.1599463588498,0.14061260117441676,3.8456283100625903,MFI 68
Вся Россия,,,,Онлайн,,паспорт,лично в офисе,Автоматически или вручную,"[600, inf]","наличные, карта, счет",0,"наличные, карта, счет",4.8,11.0,0,Нет,Есть,loan-long,8125.0,3000,50000,1.0,180.0,0.5,1.0,18.0,70.0,600,inf,0,0.0,600,inf,,1,142682.1396123051,1606645.1396123052,0.0,0,1,2,,0.13709630827893005,3.829484332593141,MFI 69
Вся Россия,,,,Онлайн,,"паспорт, СНИЛС",лично в офисе,Автоматически или вручную,"[600, inf]","наличные, карта, счет",0,"наличные, карта, счет",4.8,11.0,0,Нет,Есть,loan-first,8126.0,1000,5000,1.0,5.0,0.0,1.0,18.0,70.0,600,inf,0,0.0,600,inf,0.0,1,4171385.0,7538071.800000001,1.0,1,1,3,68.23027718550107,0.13711079911485508,3.829484332593141,MFI 69
Вся Россия,,,,Онлайн,,паспорт,лично в офисе,Автоматически или вручную,"[600, inf]","наличные, карта, счет",0,"наличные, карта, счет",4.8,11.0,0,Нет,Есть,loan-usual,8124.0,1000,30000,1.0,33.0,0.5,1.0,18.0,70.0,600,inf,0,0.0,600,inf,0.0,1,403901.5,4884914.600000001,1.0,1,1,3,68.23027718550107,0.13703795670175722,3.829484332593141,MFI 69
"Москва и Московская область, Архангельская область, Астраханская область, Белгородская область, Брянская область, Владимирская область, Санкт-Петербург, Волгоградская область, Воронежская область, Ивановская область, Калужская область, Кировская область, Краснодарский край, Красноярский край, Липецкам область, Нижегородская область, Новгородская область, Омская область, Оренбургская область, Пензенская область, Пермский край, Псковская область, Республика Башкоторстан, Республика Марий-Эл, Республика Татарстан, Ростовская область, Рязанская область, Самарская область, Саратовская область, Ставропольский край, Тверская область, Тульская область, Тюменская область, Удмуртская Республика, Ульяновская область, Ханты-Мансийский АО, Челябинская область, Республика Чувашия, Ярославская область",Круглосуточно,Круглосуточно,08:00 - 21:00 (МСК),Онлайн и по телефону,Заемщику (для уточнения),Паспорт,"фото или сканы паспорта, селфи с паспортом",Вручную,900,"Карта, счет",300,"Qiwi, Элекснет, Связной, Contact, карта, Золотая корона, счет",3.3,160.0,0,Да,Индивидуально,loan-usual,8252.0,3000,15000,5.0,30.0,1.0,1.0,18.0,,900,900.0,300,300.0,1200,1200.0,1021144.1999999995,1,124281.95965417867,135832.1596541787,0.5504322766570605,1,0,2,96.2511444424645,0.1359222752881934,3.8248114039384733,MFI 70
"Москва и Московская область, Архангельская область, Астраханская область, Белгородская область, Брянская область, Владимирская область, Санкт-Петербург, Волгоградская область, Воронежская область, Ивановская область, Калужская область, Кировская область, Краснодарский край, Красноярский край, Липецкам область, Нижегородская область, Новгородская область, Омская область, Оренбургская область, Пензенская область, Пермский край, Псковская область, Республика Башкоторстан, Республика Марий-Эл, Республика Татарстан, Ростовская область, Рязанская область, Самарская область, Саратовская область, Ставропольский край, Тверская область, Тульская область, Тюменская область, Удмуртская Республика, Ульяновская область, Ханты-Мансийский АО, Челябинская область, Республика Чувашия, Ярославская область",Круглосуточно,Круглосуточно,08:00 - 21:00 (МСК),Онлайн и по телефону,Заемщику (для уточнения),Паспорт,"фото или сканы паспорта, селфи с паспортом",Вручную,900,"Карта, счет",300,"Qiwi, Элекснет, Связной, Contact, карта, Золотая корона, счет",3.3,160.0,0,Да,Индивидуально,loan-long,1130.0,15000,100000,70.0,365.0,0.07,1.0,18.0,,900,900.0,300,300.0,1200,1200.0,719845.4999999995,1,110183.26984126984,147176.81587301602,0.3333333333333333,0,0,1,73.51000101533151,0.13700752035563335,3.8248114039384733,MFI 70
"Москва и Московская область, Архангельская область, Астраханская область, Белгородская область, Брянская область, Владимирская область, Санкт-Петербург, Волгоградская область, Воронежская область, Ивановская область, Калужская область, Кировская область, Краснодарский край, Красноярский край, Липецкам область, Нижегородская область, Новгородская область, Омская область, Оренбургская область, Пензенская область, Пермский край, Псковская область, Республика Башкоторстан, Республика Марий-Эл, Республика Татарстан, Ростовская область, Рязанская область, Самарская область, Саратовская область, Ставропольский край, Тверская область, Тульская область, Тюменская область, Удмуртская Республика, Ульяновская область, Ханты-Мансийский АО, Челябинская область, Республика Чувашия, Ярославская область",Круглосуточно,Круглосуточно,08:00 - 21:00 (МСК),Онлайн и по телефону,Заемщику (для уточнения),Паспорт,"фото или сканы паспорта, селфи с паспортом",Вручную,900,"Карта, счет",300,"Qiwi, Элекснет, Связной, Contact, карта, Золотая корона, счет",3.3,160.0,0,Да,Индивидуально,loan-first,4051.0,3000,14000,5.0,21.0,0.0,1.0,18.0,,900,900.0,300,300.0,1200,1200.0,1444776.1999999993,1,189634.38679245283,621568.2867924528,0.49056603773584906,0,0,1,110.82753349157178,0.13723917459145046,3.8248114039384733,MFI 70
Вся Россия,Круглосуточно,Круглосуточно,Круглосуточно,Онлайн,"Заемщику, контактным лицам",ПаспортРФ,паспорт,Вручную,300,"Карта, счет",0,"карта, счет, Элекснет, QIWI, СБП",3.3,33.0,1,Да,Есть,loan-long,8110.0,3000,60000,7.0,180.0,0.5,1.0,18.0,70.0,300,300.0,0,0.0,300,300.0,,1,60277.1396123051,170337.53961230535,0.0,0,1,1,,0.13708522044551252,3.8280968107655142,MFI 72
Вся Россия,Круглосуточно,Круглосуточно,Круглосуточно,Онлайн,"Заемщику, контактным лицам",ПаспортРФ,паспорт,Вручную,300,"Карта, счет",0,"карта, счет, Элекснет, QIWI, СБП",3.3,33.0,1,Да,Есть,loan-usual,41.0,3000,30000,7.0,60.0,0.5,1.0,18.0,70.0,300,300.0,0,0.0,300,300.0,83049.19999999969,0,91711.72549019608,92243.72549019608,0.17647058823529413,0,1,2,69.64128935156153,0.13663570691434468,3.8280968107655142,MFI 72
Вся Россия,Круглосуточно,Круглосуточно,Круглосуточно,Онлайн,Нет,Паспорт,фото с паспортом,Автоматически или вручную,900,"Счет, карта, Contact, QIWI",300,"Счет, карта, Contact, QIWI, Элекснет, МКБ",3.8,99.0,0,Да,Есть,loan-first,1019.0,3000,15000,5.0,35.0,0.0,0.0,18.0,65.0,900,900.0,300,300.0,1200,1200.0,3776.0999999999985,1,1732.25,38786.0,0.75,1,0,2,140.04797441364605,0.13712272189007307,3.828816390704073,MFI 75
Вся Россия,Круглосуточно,Круглосуточно,Круглосуточно,Онлайн,Нет,Паспорт,фото с паспортом,Автоматически или вручную,900,"Счет, карта, Contact, QIWI",300,"Счет, карта, Contact, QIWI, Элекснет, МКБ",3.8,99.0,0,Да,Есть,loan-usual,984.0,2000,30000,5.0,35.0,1.0,1.0,18.0,65.0,900,900.0,300,300.0,1200,1200.0,363260.9999999993,0,71247.34869976359,71843.84869976359,0.7801418439716312,1,0,3,127.95334371707824,0.13735079528459077,3.828816390704073,MFI 75
Вся Россия,Круглосуточно,Круглосуточно,Круглосуточно,Онлайн,-,"Паспорт, СНИЛС","селфи с паспортом, фото с картой",Вручную,600,Карта,180,"Карта, счет, Почта России, Qiwi",4.0,294.0,0,Да,Есть,loan-first,2047.0,1000,30000,1.0,7.0,0.0,1.0,18.0,,600,600.0,180,180.0,780,780.0,1345.25,0,1267.6666666666665,1744.8666666666668,0.8333333333333334,1,0,3,127.93176972281452,0.1371198816896201,3.831404516254623,MFI 77
Вся Россия,Круглосуточно,Круглосуточно,Круглосуточно,Онлайн,-,"Паспорт, СНИЛС","селфи с паспортом, фото с картой",Вручную,600,Карта,180,"Карта, счет, Почта России, Qiwi",4.0,294.0,0,Да,Есть,loan-usual,2045.0,1000,30000,7.0,31.0,1.0,1.0,18.0,,600,600.0,180,180.0,780,780.0,71323.89999999998,0,28206.609120521174,28970.609120521174,0.7035830618892508,1,0,3,127.54283491801118,0.1371661721068249,3.831404516254623,MFI 77
Вся Россия,Круглосуточно,круглосуточно без выходных,круглосуточно без выходных,Онлайн,Да,паспорт,фото паспорта,Вручную,1800,"Карта, счет","[7200, 10800]","Карта, счет, Qiwi, Contact",3.8,18.0,0,Да,Есть,loan-long,9019.0,20000,100000,175.0,365.0,0.45,0.63,18.0,88.0,1800,1800.0,7200,10800.0,9000,12600.0,601709.5499999989,0,89211.59523809524,89568.19523809524,0.7142857142857143,1,0,3,54.25931566656514,0.1370791959312182,3.8289315311760057,MFI 78
"Абакан, Ангарск, Артем, Барнаул, Братск, Брянск, Владивосток, Железногорск, Иркутск, Казань, Калининград, Кемерово, Кострома, Курган, Курск, Кызыл, Липецк, Находка, Орёл, Петрозаводск, Петропавловск-Камчатский, Северск, Сургут, Сыктывкар, Томск, Тула, Тюмень, Улан-Удэ, Уссурийск, Хабаровск, Чита, Элиста, Южно-Сахалинск, Якутск",Круглосуточно,Круглосуточно,Круглосуточно,Онлайн и в офисах,"Заемщику, контактным лицам","Паспорт РФ, ИНН, СНИЛС, пенсионное удостоверение",фото,Вручную,900,"Наличные, Карта",0,"наличные, счет, карта, Золотая корона",3.2,125.0,0,Да,Есть,loan-long,8075.0,1000,100000,61.0,180.0,0.27,1.0,18.0,,900,900.0,0,0.0,900,900.0,750607.3999999999,0,188396.2,189503.6,0.8,1,0,3,126.86567164179105,0.13712044183574432,3.8250993669954365,MFI 81
"Абакан, Ангарск, Артем, Барнаул, Братск, Брянск, Владивосток, Железногорск, Иркутск, Казань, Калининград, Кемерово, Кострома, Курган, Курск, Кызыл, Липецк, Находка, Орёл, Петрозаводск, Петропавловск-Камчатский, Северск, Сургут, Сыктывкар, Томск, Тула, Тюмень, Улан-Удэ, Уссурийск, Хабаровск, Чита, Элиста, Южно-Сахалинск, Якутск",Круглосуточно,Круглосуточно,Круглосуточно,Онлайн и в офисах,"Заемщику, контактным лицам","Паспорт РФ, ИНН, СНИЛС, пенсионное удостоверение",фото,Вручную,900,"Наличные, Карта",0,"наличные, счет, карта, Золотая корона",3.2,125.0,0,Да,Есть,loan-first,1064.0,1000,30000,5.0,7.0,0.0,1.0,18.0,,900,900.0,0,0.0,900,900.0,1142089.8999999983,0,212897.33333333334,213458.63333333333,0.5,1,0,3,126.86567164179104,0.13712681718157088,3.8250993669954365,MFI 81
"Абакан, Ангарск, Артем, Барнаул, Братск, Брянск, Владивосток, Железногорск, Иркутск, Казань, Калининград, Кемерово, Кострома, Курган, Курск, Кызыл, Липецк, Находка, Орёл, Петрозаводск, Петропавловск-Камчатский, Северск, Сургут, Сыктывкар, Томск, Тула, Тюмень, Улан-Удэ, Уссурийск, Хабаровск, Чита, Элиста, Южно-Сахалинск, Якутск",Круглосуточно,Круглосуточно,Круглосуточно,Онлайн и в офисах,"Заемщику, контактным лицам","Паспорт РФ, ИНН, СНИЛС, пенсионное удостоверение",фото,Вручную,900,"Наличные, Карта",0,"наличные, счет, карта, Золотая корона",3.2,125.0,0,Да,Есть,loan-usual,71.0,1000,30000,5.0,30.0,0.27,1.0,18.0,,900,900.0,0,0.0,900,900.0,837469.75,0,98822.44339622642,99278.64339622641,0.6226415094339622,1,0,3,125.2061793458583,0.136537304883288,3.8250993669954365,MFI 81
"Московская область, Москва, Екатеринбург, Калининград, Нижний Новгород, Самара, Санкт-Петербург, Тольятти, Уфа, Челябинск",с 09.00 до 21.00 (моск.время),Круглосуточно,ПН-ПТ с 9:00 до 18:00 (МСК),"В офисах, онлайн и по телефону","Заемщику, работодателю","Паспорт, пенсионное удостоверение","Фото, телефон",Вручную,"[0, 86400]",Счет,"[0, 86400]","счет, карта, элекснет",3.6,89.0,1,Да,Есть,loan-long,53.0,10000,100000,182.0,365.0,0.3,0.94,24.0,70.0,0,86400.0,0,86400.0,0,172800.0,3165695.8,0,2881367.6666666665,2881453.6666666665,0.0,0,0,1,102.3454157782516,0.13560396990006685,3.8279555621098162,MFI 86
Вся Россия,Круглосуточно,Круглосуточно,"ПН-ПТ с 9:00 до 20:00, СБ-ВС с 10:00 до 20:00 (МСК)",Онлайн,Заемщику,"Паспорт,СНИЛС","скан, фото паспорта ",Автоматически,60,"Карта, счет, Qiwi, Яндекс.Деньги, Contact, МТС, Мегафон, Билайн","[120, 7200]","Карта, счет, Qiwi, Contact, МТС, Мегафон, Билайн",4.0,103.0,0,Нет,Есть,loan-long,7098.0,1000,100000,61.0,182.0,0.8,1.0,18.0,,60,60.0,120,7200.0,180,7260.0,11250.0,0,27383.529411764706,28449.529411764706,0.9215686274509803,1,0,3,99.36870270496259,0.13721971541666186,3.8298226654222134,MFI 87
Вся Россия,Круглосуточно,Круглосуточно,"ПН-ПТ с 9:00 до 20:00, СБ-ВС с 10:00 до 20:00 (МСК)",Онлайн,Заемщику,"Паспорт,СНИЛС","скан, фото паспорта ",Автоматически,60,"Карта, счет, Qiwi, Яндекс.Деньги, Contact, МТС, Мегафон, Билайн","[120, 7200]","Карта, счет, Qiwi, Contact, МТС, Мегафон, Билайн",4.0,103.0,0,Нет,Есть,loan-first,1359.0,1000,15000,1.0,20.0,0.0,0.0,18.0,,60,60.0,120,7200.0,180,7260.0,3001.399999999999,0,9090.716666666667,10768.816666666668,0.9666666666666667,1,0,3,92.80739161336176,0.13725343133578338,3.8298226654222134,MFI 87
Вся Россия,Круглосуточно,Круглосуточно,"ПН-ПТ с 9:00 до 20:00, СБ-ВС с 10:00 до 20:00 (МСК)",Онлайн,Заемщику,"Паспорт,СНИЛС","скан, фото паспорта ",Автоматически,60,"Карта, счет, Qiwi, Яндекс.Деньги, Contact, МТС, Мегафон, Билайн","[120, 7200]","Карта, счет, Qiwi, Contact, МТС, Мегафон, Билайн",4.0,103.0,0,Нет,Есть,loan-usual,44.0,1000,30000,1.0,30.0,1.0,1.0,18.0,,60,60.0,120,7200.0,180,7260.0,115571.04999999997,0,22911.008928571428,23893.10892857143,0.8392857142857143,1,0,3,100.48431312823637,0.13217393197042002,3.8298226654222134,MFI 87
Вся Россия,Круглосуточно,Круглосуточно,Круглосуточно,Онлайн,Заемщику ,Паспорт,"фото, скан",Автоматически или вручную,"[0, 3600]","Карта, счет, Contact",0,"Карта, QIWI, Элекснет, Contact, МКБ",4.4,16.0,1,Нет,Есть,loan-first,2041.0,1500,15000,5.0,21.0,0.0,1.0,18.0,70.0,0,3600.0,0,0.0,0,3600.0,4566.999999999998,0,2270.125,2915.9125000000004,0.875,1,0,2,139.0991471215352,0.1371496582524945,3.829407992106561,MFI 88
Вся Россия,Круглосуточно,Круглосуточно,Круглосуточно,Онлайн,Заемщику ,Паспорт,"фото, скан",Автоматически или вручную,"[0, 3600]","Карта, счет, Contact",0,"Карта, QIWI, Элекснет, Contact, МКБ",4.4,16.0,1,Нет,Есть,loan-usual,7544.0,1500,30000,5.0,31.0,1.0,1.0,18.0,70.0,0,3600.0,0,0.0,0,3600.0,6201.799999999989,0,34994.45945945946,35419.45945945946,0.8378378378378378,1,0,2,158.57200484066155,0.13719593151459875,3.829407992106561,MFI 88
Вся Россия,Круглосуточно,Круглосуточно,Круглосуточно либо с 9:00 до 21:00 (МСК),Онлайн,Заемщику (для уточнения),Паспорт,Фото,Автоматически,900,"карта, счет, QIWI, Яндекс.Деньги, Contact","[120, 259200]","карта, счет, QIWI, Яндекс.Деньги, Contact, мегафон, Евросеть, Связной, Элекснет",3.1,96.0,0,Да,Есть,loan-long,8100.0,30000,100000,31.0,365.0,1.0,1.0,18.0,,900,900.0,120,259200.0,1020,260100.0,148557.09999999983,0,49385.95652173913,49852.95652173913,0.9565217391304348,1,0,3,95.06813757300455,0.13719748166117945,3.8255184275184275,MFI 92
Вся Россия,Круглосуточно,Круглосуточно,Круглосуточно либо с 9:00 до 21:00 (МСК),Онлайн,Заемщику (для уточнения),Паспорт,Фото,Автоматически,900,"карта, счет, QIWI, Яндекс.Деньги, Contact","[120, 259200]","карта, счет, QIWI, Яндекс.Деньги, Contact, мегафон, Евросеть, Связной, Элекснет",3.1,96.0,0,Да,Есть,loan-usual,18.0,3000,30000,1.0,30.0,1.0,1.0,18.0,,900,900.0,120,259200.0,1020,260100.0,12573.09999999998,0,4152.98,4556.98,1.0,1,0,3,80.045486851457,0.13706635957967467,3.8255184275184275,MFI 92
Вся Россия,Круглосуточно,Круглосуточно,Круглосуточно либо с 9:00 до 21:00 (МСК),Онлайн,Заемщику (для уточнения),Паспорт,Фото,Автоматически,900,"карта, счет, QIWI, Яндекс.Деньги, Contact","[120, 259200]","карта, счет, QIWI, Яндекс.Деньги, Contact, мегафон, Евросеть, Связной, Элекснет",3.1,96.0,0,Да,Есть,loan-first,7080.0,3000,30000,1.0,7.0,0.0,0.0,18.0,,900,900.0,120,259200.0,1020,260100.0,1539112.25,0,242494.0,243145.0,0.8125,1,0,3,120.00266524520255,0.13717289584657155,3.8255184275184275,MFI 92
Вся Россия,Круглосуточно,Круглосуточно,Круглосуточно,Онлайн и в офисах,Заемщику,Паспорт,"Фото клиента, скан паспорта",Вручную,900,"наличные, карта, счет",600,"наличные, карта, счет, Qiwi, Золотая корона",3.0,81.0,0,Да,Есть,loan-long,7087.0,2000,100000,1.0,180.0,0.9,1.0,18.0,80.0,900,900.0,600,600.0,1500,1500.0,71108.25,0,19639.0,21302.6,0.16666666666666666,0,1,3,109.16844349680171,0.13710166525152057,3.825655274157856,MFI 93
Вся Россия,Круглосуточно,Круглосуточно,Круглосуточно,Онлайн и в офисах,Заемщику,Паспорт,"Фото клиента, скан паспорта",Вручную,900,"наличные, карта, счет",600,"наличные, карта, счет, Qiwi, Золотая корона",3.0,81.0,0,Да,Есть,loan-usual,50.0,2000,30000,2.0,30.0,0.9,1.0,18.0,80.0,900,900.0,600,600.0,1500,1500.0,109388.19999999974,0,38718.030303030304,40467.030303030304,0.030303030303030304,0,1,3,109.16844349680171,0.1370794683649453,3.825655274157856,MFI 93
Вся Россия,Круглосуточно,Круглосуточно,Круглосуточно,Онлайн и в офисах,Заемщику,Паспорт,"Фото клиента, скан паспорта",Вручную,900,"наличные, карта, счет",600,"наличные, карта, счет, Qiwi, Золотая корона",3.0,81.0,0,Да,Есть,loan-first,2135.0,2000,2000,1.0,5.0,0.0,0.0,18.0,80.0,900,900.0,600,600.0,1500,1500.0,3669.3,0,5004.5,6987.700000000001,0.0,0,1,3,109.16844349680171,0.1371207700440834,3.825655274157856,MFI 93
Вся Россия,С 7:00 до 20:00,Круглосуточно,Круглосуточно,Онлайн,Заемщику,ПаспортРФ,"Фото, видео",Автоматически,900,"счет, карта, Яндекс.Деньги",900,"счет, карта, Яндекс.Деньги, Евросеть, Связной, Почта России",3.3,141.0,1,Да,Есть,loan-usual,9127.0,1000,30000,7.0,31.0,1.0,1.0,18.0,65.0,900,900.0,900,900.0,1800,1800.0,686869.2,1,100281.525,705157.125,0.925,1,1,2,26.437100213219615,0.13578822292804424,3.825300318705565,MFI 95
Вся Россия,С 7:00 до 20:00,Круглосуточно,Круглосуточно,Онлайн,Заемщику,ПаспортРФ,"Фото, видео",Автоматически,900,"счет, карта, Яндекс.Деньги",900,"счет, карта, Яндекс.Деньги, Евросеть, Связной, Почта России",3.3,141.0,1,Да,Есть,loan-long,1135.0,3000,100000,42.0,168.0,0.5,1.0,18.0,65.0,900,900.0,900,900.0,1800,1800.0,1183866.3999999997,1,185785.0,790685.0,0.8461538461538461,1,1,2,39.65228801049697,0.13700440274435807,3.825300318705565,MFI 95
Вся Россия,С 7:00 до 20:00,Круглосуточно,Круглосуточно,Онлайн,Заемщику,ПаспортРФ,"Фото, видео",Автоматически,900,"счет, карта, Яндекс.Деньги",900,"счет, карта, Яндекс.Деньги, Евросеть, Связной, Почта России",3.3,141.0,1,Да,Есть,loan-first,8240.0,1000,30000,1.0,7.0,0.0,1.0,18.0,65.0,900,900.0,900,900.0,1800,1800.0,0.0,1,235.5,182023.70000000042,1.0,1,1,2,130.4904051172708,0.13709654124565995,3.825300318705565,MFI 95
Вся Россия,Круглосуточно,Круглосуточно,Круглосуточно,Онлайн,Нет,Паспорт,смс-код,Автоматически или вручную,900,Карта,120,"Карта, счет, Элекснет",4.1,157.0,0,Да,Есть,loan-usual,5429.0,3000,30000,5.0,30.0,0.9,1.0,18.0,65.0,900,900.0,120,120.0,1020,1020.0,421009.9999999997,1,94083.0,603862.2000000004,0.627906976744186,1,0,2,171.23683906051141,0.13678815293854596,3.831042085150164,MFI 96
Вся Россия,Круглосуточно,Круглосуточно,С 9:00 до 21:00 (МСК),Онлайн и в офисах,"Заемщику, контактным лицам",Паспорт,фото с паспортом,Вручную,"[0, 1800]",Карта,"[0, 3600]","карта, счет, Qiwi",3.8,40.0,0,Да,Есть,loan-usual,770.0,1000,30000,5.0,30.0,0.85,1.0,23.0,75.0,0,1800.0,0,3600.0,0,5400.0,784.8000000000004,0,21257.21387283237,21825.41387283237,0.9710982658959537,1,0,3,101.35942911372123,0.13652459990176033,3.828900167537203,MFI 97
Вся Россия,Круглосуточно,Круглосуточно,Круглосуточно,"В офисах, на сайте",Нет,Паспорт,фото паспорта,Автоматически,900,"Наличные, карта","[0, 86400]","Наличные, карта, счет, Почта России",3.9,15.0,1,Да,Есть,loan-usual,1585.0,1000,30000,1.0,31.0,0.5,1.0,18.0,,900,900.0,0,86400.0,900,87300.0,80263.19999999992,1,15220.84126984127,19091.341269841272,0.9523809523809523,1,0,1,19.90952268137769,0.13676987734797152,3.829009817948591,MFI 98
Вся Россия,Круглосуточно,Круглосуточно,ПН-ПТ с 9:00 до 18:00 (МСК),Онлайн,Заемщику (для уточнения),Паспорт,паспорт и скан,Автоматически,"[7200, 432000]","Карта, счет, карта Kari Club","[0, 172800]","карта, Золотая Корона",3.2,54.0,0,Да,Есть,loan-usual,961.0,1000,15000,7.0,30.0,1.0,1.0,18.0,90.0,7200,432000.0,0,172800.0,7200,604800.0,618416.1999999998,1,335626.75,338909.25,0.75,1,1,3,341.1513859275053,0.13685612635002278,3.8272848138664566,MFI 101
Вся Россия,Круглосуточно,Круглосуточно,ПН-ПТ с 9:00 до 18:00 (МСК),Онлайн,Заемщику (для уточнения),Паспорт,паспорт и скан,Автоматически,"[7200, 432000]","Карта, счет, карта Kari Club","[0, 172800]","карта, Золотая Корона",3.2,54.0,0,Да,Есть,loan-long,1137.0,2500,100000,7.0,365.0,0.1,1.0,18.0,90.0,7200,432000.0,0,172800.0,7200,604800.0,212234.94999999995,1,97904.75,157873.15000000052,1.0,1,1,3,289.9786780383795,0.13696748652485544,3.8272848138664566,MFI 101
Вся Россия,Круглосуточно,Круглосуточно,Круглосуточно,Онлайн и в офисах,Заемщику,"Паспорт, СНИЛС",смс-код,Автоматически,"[300, 900]","наличные, карта",0,"наличные, карта, счет, Qiwi",3.4,25.0,0,Да,Есть,loan-long,8106.0,31000,100000,61.0,365.0,0.2,1.0,18.0,80.0,300,900.0,0,0.0,300,900.0,5227335.249999995,1,1278394.6,1285406.3,0.1,0,0,1,93.81663113006397,0.1371469505889693,3.8284284234922823,MFI 102
Вся Россия,Круглосуточно,Круглосуточно,Круглосуточно,Онлайн и в офисах,Заемщику,"Паспорт, СНИЛС",смс-код,Автоматически,"[300, 900]","наличные, карта",0,"наличные, карта, счет, Qiwi",3.4,25.0,0,Да,Есть,loan-first,2223.0,100,30000,1.0,21.0,0.0,0.0,18.0,80.0,300,900.0,0,0.0,300,900.0,8814388.299999997,0,1700152.537037037,1701251.537037037,0.4074074074074074,0,0,2,85.91960830766801,0.13718096777918928,3.8284284234922823,MFI 102
Вся Россия,Круглосуточно,Круглосуточно,Круглосуточно,Онлайн и в офисах,Заемщику,"Паспорт, СНИЛС",смс-код,Автоматически,"[300, 900]","наличные, карта",0,"наличные, карта, счет, Qiwi",3.4,25.0,0,Да,Есть,loan-usual,927.0,100,30000,1.0,31.0,1.0,1.0,18.0,80.0,300,900.0,0,0.0,300,900.0,3143015.799999998,0,593606.1815181518,594543.3815181517,0.3564356435643564,0,0,2,87.65226202790855,0.13747204283238285,3.8284284234922823,MFI 102
Вся Россия,Круглосуточно,Круглосуточно,Круглосуточно,Онлайн,Заемщику,"Паспорт, СНИЛС","скан, фото паспорта ",Автоматически,60,"Карта, счет, Qiwi, Яндекс.Деньги, Contact, МТС, Мегафон, Билайн","[120, 7200]","Карта, счет, Qiwi, Contact, МТС, Мегафон, Билайн",4.1,10.0,0,Нет,Есть,loan-long,7083.0,1000,100000,61.0,182.0,0.8,1.0,18.0,,60,60.0,120,7200.0,180,7260.0,,0,60485.1396123051,61014.7396123051,0.0,0,0,2,,0.13711056670056393,3.8290909988156336,MFI 104
Вся Россия,Круглосуточно,Круглосуточно,Круглосуточно,Онлайн,Заемщику,"Паспорт, СНИЛС","скан, фото паспорта ",Автоматически,60,"Карта, счет, Qiwi, Яндекс.Деньги, Contact, МТС, Мегафон, Билайн","[120, 7200]","Карта, счет, Qiwi, Contact, МТС, Мегафон, Билайн",4.1,10.0,0,Нет,Есть,loan-first,1396.0,1000,15000,1.0,20.0,0.0,0.0,18.0,,60,60.0,120,7200.0,180,7260.0,,0,60880.1396123051,61164.939612305105,0.0,0,0,2,,0.1371113589220609,3.8290909988156336,MFI 104
Вся Россия,Круглосуточно,Круглосуточно,Круглосуточно,Онлайн,Заемщику,"Паспорт, СНИЛС","скан, фото паспорта ",Автоматически,60,"Карта, счет, Qiwi, Яндекс.Деньги, Contact, МТС, Мегафон, Билайн","[120, 7200]","Карта, счет, Qiwi, Contact, МТС, Мегафон, Билайн",4.1,10.0,0,Нет,Есть,loan-usual,878.0,1000,30000,1.0,30.0,1.0,1.0,18.0,,60,60.0,120,7200.0,180,7260.0,,0,60803.1396123051,61633.939612305105,0.0,0,0,2,,0.13710185286827706,3.8290909988156336,MFI 104
Вся Россия,с 9:00 до 21:00,с 9:00 до 21:00,с 9:00 до 21:00,Онлайн и в офисе,,паспорт,"фото, скан паспорта",Вручную,"[0, 900]","наличные, карта, счет",0,"наличные, карта, счет, Qiwi",4.6,33.0,0,Да,Есть,loan-usual,8175.0,5000,30000,7.0,31.0,1.0,1.0,18.0,,0,900.0,0,0.0,0,900.0,262193.0,0,43336.756097560974,43954.45609756097,0.4878048780487805,0,1,3,99.3499401944979,0.1361758926678926,3.8302114654704984,MFI 107
Вся Россия,с 9:00 до 21:00,с 9:00 до 21:00,с 9:00 до 21:00,Онлайн и в офисе,,паспорт,"фото, скан паспорта",Вручную,"[0, 900]","наличные, карта, счет",0,"наличные, карта, счет, Qiwi",4.6,33.0,0,Да,Есть,loan-long,8176.0,30000,100000,31.0,168.0,0.75,1.0,18.0,,0,900.0,0,0.0,0,900.0,0.0,1,630.0,14636.0,1.0,1,1,3,170.57569296375266,0.13700551924808904,3.8302114654704984,MFI 107
"Санкт-Петербург, Архангельская, Астраханская, Вологодская, Калужская, Кемеровская, Костромская, Курская, Мурманская, Челябинская, Ростовская, Самарская, Нижегородская, Орловская, Ярославская, Томская, Смоленская, Амурская, Белгородская, Брянская, Владимирская, Волгоградская, Вологодская, Воронежская, Ивановская, Иркутская, Калининградская, Кировская, Липецкая, Новгородская, Новосибирская, Омская, Пензенская, Псковская, Ростовская, Саратовская, Свердловская, Тверская, Тульская, Ульяновская области. Республики: Башкоторстан, Марий-Эл, Татарстан, Саранск, Удмуртия, Хакасия, Чувашия, Крым, Северная Осетия-Алания, Адыгея, Карелия, Калмыкия, Кабардино-Балкарская, Коми. Краснодарский, Красноярский, Пермский, Приморский, Ставропольский край",9:00 до 21:00,Круглосуточно,ПН-ПТ с 9:00 до 18:00 (МСК),В офисах,"Заемщику, контактным лицам","паспорт, военный билет (для военнослужащих), пенсионное удостоверение (для пенсионеров)",Лично,Вручную,"[0, 86400]","Наличные, карта",0,"наличные, карта, счет, Золотая корона",3.4,25.0,0,Да,Есть,loan-first,7078.0,1000,30000,1.0,11.0,0.0,1.0,18.0,78.0,0,86400.0,0,0.0,0,86400.0,72070.79999999993,0,16514.571428571428,17639.97142857143,0.8571428571428571,1,0,3,126.71337191593057,0.1371082333098437,3.8284284234922823,MFI 108
"Санкт-Петербург, Архангельская, Астраханская, Вологодская, Калужская, Кемеровская, Костромская, Курская, Мурманская, Челябинская, Ростовская, Самарская, Нижегородская, Орловская, Ярославская, Томская, Смоленская, Амурская, Белгородская, Брянская, Владимирская, Волгоградская, Вологодская, Воронежская, Ивановская, Иркутская, Калининградская, Кировская, Липецкая, Новгородская, Новосибирская, Омская, Пензенская, Псковская, Ростовская, Саратовская, Свердловская, Тверская, Тульская, Ульяновская области. Республики: Башкоторстан, Марий-Эл, Татарстан, Саранск, Удмуртия, Хакасия, Чувашия, Крым, Северная Осетия-Алания, Адыгея, Карелия, Калмыкия, Кабардино-Балкарская, Коми. Краснодарский, Красноярский, Пермский, Приморский, Ставропольский край",9:00 до 21:00,Круглосуточно,ПН-ПТ с 9:00 до 18:00 (МСК),В офисах,"Заемщику, контактным лицам","паспорт, военный билет (для военнослужащих), пенсионное удостоверение (для пенсионеров)",Лично,Вручную,"[0, 86400]","Наличные, карта",0,"наличные, карта, счет, Золотая корона",3.4,25.0,0,Да,Есть,loan-usual,881.0,1000,30000,1.0,35.0,1.0,1.0,18.0,78.0,0,86400.0,0,0.0,0,86400.0,80831.24999999978,0,15821.161971830987,16561.16197183099,0.9507042253521126,1,0,3,126.49028499354337,0.13645119434806716,3.8284284234922823,MFI 108
"Санкт-Петербург, Архангельская, Астраханская, Вологодская, Калужская, Кемеровская, Костромская, Курская, Мурманская, Челябинская, Ростовская, Самарская, Нижегородская, Орловская, Ярославская, Томская, Смоленская, Амурская, Белгородская, Брянская, Владимирская, Волгоградская, Вологодская, Воронежская, Ивановская, Иркутская, Калининградская, Кировская, Липецкая, Новгородская, Новосибирская, Омская, Пензенская, Псковская, Ростовская, Саратовская, Свердловская, Тверская, Тульская, Ульяновская области. Республики: Башкоторстан, Марий-Эл, Татарстан, Саранск, Удмуртия, Хакасия, Чувашия, Крым, Северная Осетия-Алания, Адыгея, Карелия, Калмыкия, Кабардино-Балкарская, Коми. Краснодарский, Красноярский, Пермский, Приморский, Ставропольский край",9:00 до 21:00,Круглосуточно,ПН-ПТ с 9:00 до 18:00 (МСК),В офисах,"Заемщику, контактным лицам","паспорт, военный билет (для военнослужащих), пенсионное удостоверение (для пенсионеров)",Лично,Вручную,"[0, 86400]","Наличные, карта",0,"наличные, карта, счет, Золотая корона",3.4,25.0,0,Да,Есть,loan-long,1138.0,30000,100000,31.0,365.0,0.5,1.0,18.0,78.0,0,86400.0,0,0.0,0,86400.0,190392.65000000005,0,39214.7,40101.5,0.8,1,0,3,122.81449893390193,0.13711204507666727,3.8284284234922823,MFI 108
Вся Россия,Круглосуточно,Круглосуточно,Круглосуточно,Онлайн,Заемщику (для уточнения),Паспорт РФ,"скан, фото паспорта ",Автоматически,"[300, 86400]","Карта, счет","[0, 3600]","карта, счет, QIWI",4.2,85.0,1,Да,Есть,loan-usual,33.0,3000,30000,10.0,60.0,1.0,1.0,18.0,75.0,300,86400.0,0,3600.0,300,90000.0,73154.09999999999,1,79419.06896551725,87112.6,0.9753694581280788,1,0,1,73.10512882456122,0.1362097127604478,3.830507891243424,MFI 110
Вся Россия,Круглосуточно,Круглосуточно,Круглосуточно,Онлайн,Заемщику (для уточнения),Паспорт РФ,"скан, фото паспорта ",Автоматически,"[300, 86400]","Карта, счет","[0, 3600]","карта, счет, QIWI",4.2,85.0,1,Да,Есть,loan-long,8098.0,3000,500000,42.0,1826.0,0.1,1.0,18.0,75.0,300,86400.0,0,3600.0,300,90000.0,88697.59999999985,1,89787.77777777778,105054.17777777778,0.9444444444444444,1,0,1,87.77067045723761,0.13713058240654125,3.830507891243424,MFI 110
